{
    "total_runtime": 379.4875783920288,
    "num_documents": 15,
    "input_load_time": 0,
    "workflows": {
        "create_base_text_units": {
            "overall": 0.33101987838745117,
            "0_orderby": 0.002480030059814453,
            "1_zip": 0.0028085708618164062,
            "2_aggregate_override": 0.005199909210205078,
            "3_chunk": 0.2607133388519287,
            "4_select": 0.003674030303955078,
            "5_unroll": 0.004963874816894531,
            "6_rename": 0.004640817642211914,
            "7_genid": 0.014872550964355469,
            "8_unzip": 0.0070040225982666016,
            "9_copy": 0.004754066467285156,
            "10_filter": 0.017726659774780273
        },
        "create_base_extracted_entities": {
            "overall": 1.18204927444458,
            "0_entity_extract": 0.904362678527832,
            "1_merge_graphs": 0.2604794502258301,
            "2_snapshot_rows": 0.009612083435058594
        },
        "create_summarized_entities": {
            "overall": 1.258967399597168,
            "0_summarize_descriptions": 1.241278886795044,
            "1_snapshot_rows": 0.011503219604492188
        },
        "create_base_entity_graph": {
            "overall": 1.2417058944702148,
            "0_cluster_graph": 1.1927525997161865,
            "1_snapshot_rows": 0.01766228675842285,
            "2_snapshot_rows": 0.014986038208007812,
            "3_select": 0.009527921676635742
        },
        "create_final_entities": {
            "overall": 366.03308844566345,
            "0_unpack_graph": 0.44269323348999023,
            "1_rename": 0.009254693984985352,
            "2_select": 0.011144638061523438,
            "3_dedupe": 0.010200977325439453,
            "4_rename": 0.010639667510986328,
            "5_filter": 0.041388750076293945,
            "6_text_split": 0.029634952545166016,
            "7_drop": 0.01156926155090332,
            "8_merge": 0.3053867816925049,
            "9_text_embed": 365.0955717563629,
            "10_drop": 0.012481451034545898,
            "11_filter": 0.044634342193603516
        },
        "create_final_nodes": {
            "overall": 3.4625370502471924,
            "0_layout_graph": 1.8321497440338135,
            "1_unpack_graph": 0.589022159576416,
            "2_unpack_graph": 0.7228553295135498,
            "3_filter": 0.11538529396057129,
            "4_drop": 0.014108657836914062,
            "5_select": 0.014441490173339844,
            "6_rename": 0.014321088790893555,
            "7_join": 0.0745551586151123,
            "8_convert": 0.05711483955383301,
            "9_rename": 0.016907691955566406
        },
        "create_final_communities": {
            "overall": 2.791412591934204,
            "0_unpack_graph": 0.4694058895111084,
            "1_unpack_graph": 0.5477240085601807,
            "2_aggregate_override": 0.04700469970703125,
            "3_join": 0.056281089782714844,
            "4_join": 0.05063176155090332,
            "5_concat": 0.020862102508544922,
            "6_filter": 1.315671443939209,
            "7_aggregate_override": 0.054781198501586914,
            "8_join": 0.022829771041870117,
            "9_filter": 0.053719282150268555,
            "10_fill": 0.028493404388427734,
            "11_merge": 0.07049679756164551,
            "12_copy": 0.018268108367919922,
            "13_select": 0.018934965133666992
        },
        "join_text_units_to_entity_ids": {
            "overall": 0.11108207702636719,
            "0_select": 0.02077651023864746,
            "1_unroll": 0.026401519775390625,
            "2_aggregate_override": 0.04589033126831055
        },
        "create_final_relationships": {
            "overall": 0.982947826385498,
            "0_unpack_graph": 0.503741979598999,
            "1_filter": 0.14521312713623047,
            "2_rename": 0.022184371948242188,
            "3_filter": 0.16085362434387207,
            "4_drop": 0.021975994110107422,
            "5_compute_edge_combined_degree": 0.027204036712646484,
            "6_convert": 0.04624199867248535,
            "7_convert": 0.023961305618286133
        },
        "join_text_units_to_relationship_ids": {
            "overall": 0.14072489738464355,
            "0_select": 0.02565932273864746,
            "1_unroll": 0.027254104614257812,
            "2_aggregate_override": 0.04199528694152832,
            "3_select": 0.024377107620239258
        }
    }
}