{
    "total_runtime": 685.0795936584473,
    "num_documents": 1,
    "input_load_time": 0,
    "workflows": {
        "create_base_text_units": {
            "overall": 0.25112462043762207,
            "0_orderby": 0.0024237632751464844,
            "1_zip": 0.0028312206268310547,
            "2_aggregate_override": 0.004889965057373047,
            "3_chunk": 0.19025611877441406,
            "4_select": 0.0036725997924804688,
            "5_unroll": 0.0054399967193603516,
            "6_rename": 0.004163265228271484,
            "7_genid": 0.007499217987060547,
            "8_unzip": 0.006239175796508789,
            "9_copy": 0.0047838687896728516,
            "10_filter": 0.016863346099853516
        },
        "create_base_extracted_entities": {
            "overall": 607.3701469898224,
            "0_entity_extract": 607.2791950702667,
            "1_merge_graphs": 0.07680034637451172,
            "2_snapshot_rows": 0.008885622024536133
        },
        "create_summarized_entities": {
            "overall": 76.6601619720459,
            "0_summarize_descriptions": 76.64318203926086,
            "1_snapshot_rows": 0.008623361587524414
        },
        "create_base_entity_graph": {
            "overall": 0.23827314376831055,
            "0_cluster_graph": 0.1946568489074707,
            "1_snapshot_rows": 0.013658761978149414,
            "2_snapshot_rows": 0.011759757995605469,
            "3_select": 0.00995635986328125
        }
    }
}