{
    "total_runtime": 11.308119535446167,
    "num_documents": 1,
    "input_load_time": 0,
    "workflows": {
        "create_base_text_units": {
            "overall": 0.2655620574951172,
            "0_orderby": 0.0023696422576904297,
            "1_zip": 0.0028777122497558594,
            "2_aggregate_override": 0.0051882266998291016,
            "3_chunk": 0.20259904861450195,
            "4_select": 0.0057735443115234375,
            "5_unroll": 0.0053102970123291016,
            "6_rename": 0.004136562347412109,
            "7_genid": 0.00821065902709961,
            "8_unzip": 0.006253480911254883,
            "9_copy": 0.00480198860168457,
            "10_filter": 0.01591634750366211
        },
        "create_base_extracted_entities": {
            "overall": 0.3458254337310791,
            "0_entity_extract": 0.27895498275756836,
            "1_merge_graphs": 0.05352282524108887,
            "2_snapshot_rows": 0.00716090202331543
        },
        "create_summarized_entities": {
            "overall": 6.15350604057312,
            "0_summarize_descriptions": 6.136282682418823,
            "1_snapshot_rows": 0.010588407516479492
        },
        "create_base_entity_graph": {
            "overall": 0.2021169662475586,
            "0_cluster_graph": 0.16192364692687988,
            "1_snapshot_rows": 0.011845827102661133,
            "2_snapshot_rows": 0.011456966400146484,
            "3_select": 0.009838581085205078
        },
        "create_final_entities": {
            "overall": 0.8794825077056885,
            "0_unpack_graph": 0.054961204528808594,
            "1_rename": 0.010877609252929688,
            "2_select": 0.012180805206298828,
            "3_dedupe": 0.010782718658447266,
            "4_rename": 0.010955333709716797,
            "5_filter": 0.024546146392822266,
            "6_text_split": 0.01537466049194336,
            "7_drop": 0.014963626861572266,
            "8_merge": 0.06023406982421875,
            "9_text_embed": 0.6099684238433838,
            "10_drop": 0.01368856430053711,
            "11_filter": 0.032663822174072266
        },
        "create_final_nodes": {
            "overall": 0.6960759162902832,
            "0_layout_graph": 0.2189478874206543,
            "1_unpack_graph": 0.06626129150390625,
            "2_unpack_graph": 0.19555950164794922,
            "3_drop": 0.014162063598632812,
            "4_filter": 0.04140043258666992,
            "5_select": 0.018711328506469727,
            "6_rename": 0.016672372817993164,
            "7_convert": 0.07368612289428711,
            "8_join": 0.022458314895629883,
            "9_rename": 0.01621556282043457
        },
        "create_final_communities": {
            "overall": 0.5771224498748779,
            "0_unpack_graph": 0.058666229248046875,
            "1_unpack_graph": 0.059676408767700195,
            "2_aggregate_override": 0.018384933471679688,
            "3_join": 0.02512669563293457,
            "4_join": 0.027985572814941406,
            "5_concat": 0.018866300582885742,
            "6_filter": 0.16919946670532227,
            "7_aggregate_override": 0.024843454360961914,
            "8_join": 0.025753498077392578,
            "9_filter": 0.04634904861450195,
            "10_fill": 0.01939535140991211,
            "11_merge": 0.02823328971862793,
            "12_copy": 0.01955389976501465,
            "13_select": 0.019909381866455078
        },
        "join_text_units_to_entity_ids": {
            "overall": 0.0879826545715332,
            "0_select": 0.01987290382385254,
            "1_unroll": 0.02241349220275879,
            "2_aggregate_override": 0.027091026306152344
        },
        "create_final_relationships": {
            "overall": 0.3335568904876709,
            "0_unpack_graph": 0.06379342079162598,
            "1_filter": 0.0540308952331543,
            "2_rename": 0.021809101104736328,
            "3_filter": 0.05659627914428711,
            "4_drop": 0.022570371627807617,
            "5_compute_edge_combined_degree": 0.0267794132232666,
            "6_convert": 0.045549631118774414,
            "7_convert": 0.022708892822265625
        },
        "join_text_units_to_relationship_ids": {
            "overall": 0.1536545753479004,
            "0_select": 0.023309707641601562,
            "1_unroll": 0.02425670623779297,
            "2_aggregate_override": 0.040689945220947266,
            "3_select": 0.04320073127746582
        }
    }
}