{
    "total_runtime": 0.42591381072998047,
    "num_documents": 1,
    "input_load_time": 0,
    "workflows": {
        "create_base_text_units": {
            "overall": 0.314450740814209,
            "0_orderby": 0.002902507781982422,
            "1_zip": 0.0035979747772216797,
            "2_aggregate_override": 0.006355762481689453,
            "3_chunk": 0.23726797103881836,
            "4_select": 0.003770589828491211,
            "5_unroll": 0.006868124008178711,
            "6_rename": 0.00628352165222168,
            "7_genid": 0.011525392532348633,
            "8_unzip": 0.006807565689086914,
            "9_copy": 0.005936145782470703,
            "10_filter": 0.0209503173828125
        }
    }
}