{
    "total_runtime": 6.081822872161865,
    "num_documents": 15,
    "input_load_time": 0,
    "workflows": {
        "create_base_text_units": {
            "overall": 1.9827220439910889,
            "0_orderby": 0.004500627517700195,
            "1_zip": 0.0035409927368164062,
            "2_aggregate_override": 0.008065938949584961,
            "3_chunk": 1.850517988204956,
            "4_select": 0.03321337699890137,
            "5_unroll": 0.023471355438232422,
            "6_rename": 0.009292840957641602,
            "7_genid": 0.01887822151184082,
            "8_unzip": 0.005515336990356445,
            "9_copy": 0.004619121551513672,
            "10_filter": 0.018903732299804688
        },
        "create_base_extracted_entities": {
            "overall": 1.1001479625701904,
            "0_entity_extract": 0.8467988967895508,
            "1_merge_graphs": 0.24030327796936035,
            "2_snapshot_rows": 0.007993936538696289
        },
        "create_summarized_entities": {
            "overall": 1.2006287574768066,
            "0_summarize_descriptions": 1.1812336444854736,
            "1_snapshot_rows": 0.01346588134765625
        },
        "create_base_entity_graph": {
            "overall": 1.2458562850952148,
            "0_cluster_graph": 1.183079719543457,
            "1_snapshot_rows": 0.030376911163330078,
            "2_snapshot_rows": 0.016685962677001953,
            "3_select": 0.00883626937866211
        }
    }
}