{
    "total_runtime": 0.4328434467315674,
    "num_documents": 1,
    "input_load_time": 0,
    "workflows": {
        "create_base_text_units": {
            "overall": 0.3175199031829834,
            "0_orderby": 0.00269317626953125,
            "1_zip": 0.0033597946166992188,
            "2_aggregate_override": 0.00583958625793457,
            "3_chunk": 0.23894619941711426,
            "4_select": 0.00597071647644043,
            "5_unroll": 0.0070002079010009766,
            "6_rename": 0.0049724578857421875,
            "7_genid": 0.012467622756958008,
            "8_unzip": 0.0073702335357666016,
            "9_copy": 0.0073926448822021484,
            "10_filter": 0.01909923553466797
        }
    }
}