{
    "total_runtime": 14.77124810218811,
    "num_documents": 15,
    "input_load_time": 0,
    "workflows": {
        "create_base_text_units": {
            "overall": 0.32376718521118164,
            "0_orderby": 0.002446413040161133,
            "1_zip": 0.0027837753295898438,
            "2_aggregate_override": 0.004786252975463867,
            "3_chunk": 0.25531744956970215,
            "4_select": 0.0036492347717285156,
            "5_unroll": 0.004982709884643555,
            "6_rename": 0.004360675811767578,
            "7_genid": 0.014731645584106445,
            "8_unzip": 0.005704641342163086,
            "9_copy": 0.005075931549072266,
            "10_filter": 0.017863035202026367
        },
        "create_base_extracted_entities": {
            "overall": 1.152364730834961,
            "0_entity_extract": 0.8621809482574463,
            "1_merge_graphs": 0.2768709659576416,
            "2_snapshot_rows": 0.008135318756103516
        },
        "create_summarized_entities": {
            "overall": 1.2954246997833252,
            "0_summarize_descriptions": 1.2768206596374512,
            "1_snapshot_rows": 0.010802030563354492
        },
        "create_base_entity_graph": {
            "overall": 1.2303905487060547,
            "0_cluster_graph": 1.1746997833251953,
            "1_snapshot_rows": 0.019904375076293945,
            "2_snapshot_rows": 0.017751216888427734,
            "3_select": 0.01123046875
        },
        "create_final_entities": {
            "overall": 1.6028344631195068,
            "0_unpack_graph": 0.43332552909851074,
            "1_rename": 0.009623289108276367,
            "2_select": 0.010100603103637695,
            "3_dedupe": 0.011643648147583008,
            "4_rename": 0.015308380126953125,
            "5_filter": 0.04582810401916504,
            "6_text_split": 0.030598878860473633,
            "7_drop": 0.011925697326660156,
            "8_merge": 0.30423855781555176,
            "9_text_embed": 0.6662299633026123,
            "10_drop": 0.011195898056030273,
            "11_filter": 0.04454302787780762
        },
        "create_final_nodes": {
            "overall": 3.3296256065368652,
            "0_layout_graph": 1.7869505882263184,
            "1_unpack_graph": 0.578150749206543,
            "2_unpack_graph": 0.7123663425445557,
            "3_filter": 0.10004138946533203,
            "4_drop": 0.013722419738769531,
            "5_select": 0.013472795486450195,
            "6_rename": 0.018498659133911133,
            "7_join": 0.03169417381286621,
            "8_convert": 0.046346426010131836,
            "9_rename": 0.016196727752685547
        },
        "create_final_communities": {
            "overall": 2.7526721954345703,
            "0_unpack_graph": 0.4690744876861572,
            "1_unpack_graph": 0.5540652275085449,
            "2_aggregate_override": 0.018155574798583984,
            "3_join": 0.07460761070251465,
            "4_join": 0.0515744686126709,
            "5_concat": 0.01938605308532715,
            "6_filter": 1.2925736904144287,
            "7_aggregate_override": 0.05661773681640625,
            "8_join": 0.022281408309936523,
            "9_filter": 0.04864001274108887,
            "10_fill": 0.02176380157470703,
            "11_merge": 0.07189273834228516,
            "12_copy": 0.01789379119873047,
            "13_select": 0.01888418197631836
        },
        "join_text_units_to_entity_ids": {
            "overall": 0.11017942428588867,
            "0_select": 0.0212094783782959,
            "1_unroll": 0.02563929557800293,
            "2_aggregate_override": 0.04551887512207031
        },
        "create_final_relationships": {
            "overall": 0.9761900901794434,
            "0_unpack_graph": 0.5084059238433838,
            "1_filter": 0.1421339511871338,
            "2_rename": 0.021604061126708984,
            "3_filter": 0.14905452728271484,
            "4_drop": 0.02154994010925293,
            "5_compute_edge_combined_degree": 0.03486347198486328,
            "6_convert": 0.05451321601867676,
            "7_convert": 0.024805545806884766
        },
        "join_text_units_to_relationship_ids": {
            "overall": 0.13743877410888672,
            "0_select": 0.02286982536315918,
            "1_unroll": 0.027144193649291992,
            "2_aggregate_override": 0.04193449020385742,
            "3_select": 0.02349066734313965
        }
    }
}