{
    "total_runtime": 25212.692203998566,
    "num_documents": 85,
    "input_load_time": 0,
    "workflows": {
        "create_base_text_units": {
            "overall": 0.62357497215271,
            "0_orderby": 0.0024404525756835938,
            "1_zip": 0.002786397933959961,
            "2_aggregate_override": 0.0059413909912109375,
            "3_chunk": 0.49842286109924316,
            "4_select": 0.0036623477935791016,
            "5_unroll": 0.02879929542541504,
            "6_rename": 0.004095315933227539,
            "7_genid": 0.03018045425415039,
            "8_unzip": 0.0055027008056640625,
            "9_copy": 0.0075490474700927734,
            "10_filter": 0.032126665115356445
        },
        "create_base_extracted_entities": {
            "overall": 3432.508663892746,
            "0_entity_extract": 3431.6168196201324,
            "1_merge_graphs": 0.8735809326171875,
            "2_snapshot_rows": 0.01254129409790039
        },
        "create_summarized_entities": {
            "overall": 125.4121618270874,
            "0_summarize_descriptions": 125.38072061538696,
            "1_snapshot_rows": 0.02544569969177246
        },
        "create_base_entity_graph": {
            "overall": 3.411252975463867,
            "0_cluster_graph": 3.3083629608154297,
            "1_snapshot_rows": 0.05950117111206055,
            "2_snapshot_rows": 0.028147459030151367,
            "3_select": 0.00832366943359375
        },
        "create_final_entities": {
            "overall": 922.3878059387207,
            "0_unpack_graph": 1.5015790462493896,
            "1_rename": 0.011331796646118164,
            "2_select": 0.012241125106811523,
            "3_dedupe": 0.013928651809692383,
            "4_rename": 0.010916948318481445,
            "5_filter": 0.09630894660949707,
            "6_text_split": 0.0868372917175293,
            "7_drop": 0.010864734649658203,
            "8_merge": 1.25313138961792,
            "9_text_embed": 919.2342295646667,
            "10_drop": 0.016759157180786133,
            "11_filter": 0.13156533241271973
        },
        "create_final_nodes": {
            "overall": 9.793866157531738,
            "0_layout_graph": 5.438792705535889,
            "1_unpack_graph": 1.8581061363220215,
            "2_unpack_graph": 1.8738093376159668,
            "3_drop": 0.01868295669555664,
            "4_filter": 0.38062047958374023,
            "5_select": 0.014014005661010742,
            "6_rename": 0.019604206085205078,
            "7_convert": 0.08971858024597168,
            "8_join": 0.06501221656799316,
            "9_rename": 0.02407383918762207
        },
        "create_final_communities": {
            "overall": 6.159177780151367,
            "0_unpack_graph": 1.5857822895050049,
            "1_unpack_graph": 1.4610557556152344,
            "2_aggregate_override": 0.050508975982666016,
            "3_join": 0.09516477584838867,
            "4_join": 0.11953282356262207,
            "5_concat": 0.02637767791748047,
            "6_filter": 2.4224729537963867,
            "7_aggregate_override": 0.08653879165649414,
            "8_join": 0.022060155868530273,
            "9_filter": 0.05413341522216797,
            "10_fill": 0.03052973747253418,
            "11_merge": 0.14557456970214844,
            "12_copy": 0.0212709903717041,
            "13_select": 0.020035266876220703
        },
        "join_text_units_to_entity_ids": {
            "overall": 0.16702055931091309,
            "0_select": 0.022586345672607422,
            "1_unroll": 0.03427577018737793,
            "2_aggregate_override": 0.09267663955688477
        },
        "create_final_relationships": {
            "overall": 2.398460865020752,
            "0_unpack_graph": 1.5731022357940674,
            "1_filter": 0.3920416831970215,
            "2_rename": 0.021123886108398438,
            "3_filter": 0.26197195053100586,
            "4_drop": 0.02134561538696289,
            "5_compute_edge_combined_degree": 0.03283214569091797,
            "6_convert": 0.04932570457458496,
            "7_convert": 0.027545452117919922
        },
        "join_text_units_to_relationship_ids": {
            "overall": 0.17547011375427246,
            "0_select": 0.02294015884399414,
            "1_unroll": 0.03060770034790039,
            "2_aggregate_override": 0.07561874389648438,
            "3_select": 0.023203611373901367
        },
        "create_final_community_reports": {
            "overall": 20705.17144012451,
            "0_prepare_community_reports_nodes": 0.30314183235168457,
            "1_prepare_community_reports_edges": 0.07885360717773438,
            "2_restore_community_hierarchy": 0.08266496658325195,
            "3_prepare_community_reports": 2.1041626930236816,
            "4_create_community_reports": 20702.544357299805,
            "5_window": 0.031388282775878906
        },
        "create_final_text_units": {
            "overall": 0.2722034454345703,
            "0_select": 0.0272371768951416,
            "1_rename": 0.028491973876953125,
            "2_join": 0.03641986846923828,
            "3_join": 0.03585362434387207,
            "4_aggregate_override": 0.06928133964538574,
            "5_select": 0.04822850227355957
        },
        "create_base_documents": {
            "overall": 0.34638285636901855,
            "0_unroll": 0.03128862380981445,
            "1_select": 0.0288848876953125,
            "2_rename": 0.030492067337036133,
            "3_join": 0.03522920608520508,
            "4_aggregate_override": 0.0329134464263916,
            "5_join": 0.03513145446777344,
            "6_rename": 0.0308840274810791,
            "7_convert": 0.09459185600280762
        },
        "create_final_documents": {
            "overall": 0.061989545822143555,
            "0_rename": 0.031061887741088867
        }
    }
}