{
    "total_runtime": 4043.765339612961,
    "num_documents": 18,
    "input_load_time": 0,
    "workflows": {
        "create_base_text_units": {
            "overall": 0.35218119621276855,
            "0_orderby": 0.002511262893676758,
            "1_zip": 0.0029892921447753906,
            "2_aggregate_override": 0.007832527160644531,
            "3_chunk": 0.2723391056060791,
            "4_select": 0.00384521484375,
            "5_unroll": 0.004892587661743164,
            "6_rename": 0.007052183151245117,
            "7_genid": 0.015820026397705078,
            "8_unzip": 0.006325483322143555,
            "9_copy": 0.00503230094909668,
            "10_filter": 0.02135300636291504
        },
        "create_base_extracted_entities": {
            "overall": 1.236387014389038,
            "0_entity_extract": 0.953751802444458,
            "1_merge_graphs": 0.269026517868042,
            "2_snapshot_rows": 0.008408069610595703
        },
        "create_summarized_entities": {
            "overall": 1.3695785999298096,
            "0_summarize_descriptions": 1.3522555828094482,
            "1_snapshot_rows": 0.01039433479309082
        },
        "create_base_entity_graph": {
            "overall": 1.3578600883483887,
            "0_cluster_graph": 1.275890588760376,
            "1_snapshot_rows": 0.04723930358886719,
            "2_snapshot_rows": 0.017499923706054688,
            "3_select": 0.010337591171264648
        },
        "create_final_entities": {
            "overall": 1.8815245628356934,
            "0_unpack_graph": 0.5567300319671631,
            "1_rename": 0.009618043899536133,
            "2_select": 0.01111459732055664,
            "3_dedupe": 0.011998176574707031,
            "4_rename": 0.011293411254882812,
            "5_filter": 0.04485678672790527,
            "6_text_split": 0.03269672393798828,
            "7_drop": 0.01231074333190918,
            "8_merge": 0.36377954483032227,
            "9_text_embed": 0.7602965831756592,
            "10_drop": 0.012036561965942383,
            "11_filter": 0.046141862869262695
        },
        "create_final_nodes": {
            "overall": 3.726743698120117,
            "0_layout_graph": 2.0222113132476807,
            "1_unpack_graph": 0.6499066352844238,
            "2_unpack_graph": 0.7707548141479492,
            "3_drop": 0.016341686248779297,
            "4_filter": 0.13124680519104004,
            "5_select": 0.01460576057434082,
            "6_rename": 0.014117002487182617,
            "7_convert": 0.0483851432800293,
            "8_join": 0.03007960319519043,
            "9_rename": 0.017557859420776367
        },
        "create_final_communities": {
            "overall": 2.9077444076538086,
            "0_unpack_graph": 0.6162269115447998,
            "1_unpack_graph": 0.6223735809326172,
            "2_aggregate_override": 0.019006013870239258,
            "3_join": 0.0595853328704834,
            "4_join": 0.059339284896850586,
            "5_concat": 0.019845008850097656,
            "6_filter": 1.2425329685211182,
            "7_aggregate_override": 0.05529069900512695,
            "8_join": 0.02333664894104004,
            "9_filter": 0.04503631591796875,
            "10_fill": 0.018820762634277344,
            "11_merge": 0.07339358329772949,
            "12_copy": 0.018426895141601562,
            "13_select": 0.018534421920776367
        },
        "join_text_units_to_entity_ids": {
            "overall": 0.12394332885742188,
            "0_select": 0.018999576568603516,
            "1_unroll": 0.022531986236572266,
            "2_aggregate_override": 0.06454348564147949
        },
        "create_final_relationships": {
            "overall": 1.0914413928985596,
            "0_unpack_graph": 0.6074068546295166,
            "1_filter": 0.14018034934997559,
            "2_rename": 0.021517276763916016,
            "3_filter": 0.1776869297027588,
            "4_drop": 0.021553993225097656,
            "5_compute_edge_combined_degree": 0.02923583984375,
            "6_convert": 0.048151254653930664,
            "7_convert": 0.026483774185180664
        },
        "join_text_units_to_relationship_ids": {
            "overall": 0.14307117462158203,
            "0_select": 0.023305892944335938,
            "1_unroll": 0.029261350631713867,
            "2_aggregate_override": 0.04549431800842285,
            "3_select": 0.02371072769165039
        },
        "create_final_community_reports": {
            "overall": 4026.1772260665894,
            "0_prepare_community_reports_nodes": 0.09208345413208008,
            "1_prepare_community_reports_edges": 0.052558183670043945,
            "2_restore_community_hierarchy": 0.059532880783081055,
            "3_prepare_community_reports": 1.386582374572754,
            "4_create_community_reports": 4024.532079219818,
            "5_window": 0.029697179794311523
        },
        "create_final_text_units": {
            "overall": 0.2509117126464844,
            "0_select": 0.030549287796020508,
            "1_rename": 0.02756476402282715,
            "2_join": 0.03388476371765137,
            "3_join": 0.03278779983520508,
            "4_aggregate_override": 0.03545975685119629,
            "5_select": 0.050575971603393555
        },
        "create_base_documents": {
            "overall": 0.3331437110900879,
            "0_unroll": 0.029663562774658203,
            "1_select": 0.028282642364501953,
            "2_rename": 0.029165029525756836,
            "3_join": 0.03358149528503418,
            "4_aggregate_override": 0.030681848526000977,
            "5_join": 0.03537154197692871,
            "6_rename": 0.029536724090576172,
            "7_convert": 0.09015321731567383
        },
        "create_final_documents": {
            "overall": 0.05884432792663574,
            "0_rename": 0.030211210250854492
        }
    }
}