{
    "total_runtime": 4.727590322494507,
    "num_documents": 1,
    "input_load_time": 0,
    "workflows": {
        "create_base_text_units": {
            "overall": 0.2724275588989258,
            "0_orderby": 0.002327442169189453,
            "1_zip": 0.0028145313262939453,
            "2_aggregate_override": 0.005101680755615234,
            "3_chunk": 0.20907807350158691,
            "4_select": 0.004830121994018555,
            "5_unroll": 0.005741119384765625,
            "6_rename": 0.0040891170501708984,
            "7_genid": 0.009942054748535156,
            "8_unzip": 0.005335092544555664,
            "9_copy": 0.004747152328491211,
            "10_filter": 0.016325950622558594
        },
        "create_base_extracted_entities": {
            "overall": 4.057774066925049,
            "0_entity_extract": 4.029029130935669,
            "1_merge_graphs": 0.02347540855407715
        },
        "create_summarized_entities": {
            "overall": 0.012383460998535156,
            "0_summarize_descriptions": 0.006901264190673828
        }
    }
}