{
    "total_runtime": 5.709490776062012,
    "num_documents": 1,
    "input_load_time": 0,
    "workflows": {
        "create_base_text_units": {
            "overall": 0.2771430015563965,
            "0_orderby": 0.0028967857360839844,
            "1_zip": 0.003621816635131836,
            "2_aggregate_override": 0.007142543792724609,
            "3_chunk": 0.20539093017578125,
            "4_select": 0.0037038326263427734,
            "5_unroll": 0.008507728576660156,
            "6_rename": 0.005116701126098633,
            "7_genid": 0.0049746036529541016,
            "8_unzip": 0.008331060409545898,
            "9_copy": 0.0061566829681396484,
            "10_filter": 0.019154787063598633
        },
        "create_base_extracted_entities": {
            "overall": 0.09089326858520508,
            "0_entity_extract": 0.06451201438903809,
            "1_merge_graphs": 0.011349201202392578,
            "2_snapshot_rows": 0.008040666580200195
        },
        "create_summarized_entities": {
            "overall": 0.02941751480102539,
            "0_summarize_descriptions": 0.011484146118164062,
            "1_snapshot_rows": 0.011339187622070312
        },
        "create_base_entity_graph": {
            "overall": 0.07481741905212402,
            "0_cluster_graph": 0.017333984375,
            "1_snapshot_rows": 0.025153160095214844,
            "2_snapshot_rows": 0.012476205825805664,
            "3_select": 0.012329339981079102
        },
        "create_final_entities": {
            "overall": 0.287891149520874,
            "0_unpack_graph": 0.013613224029541016,
            "1_rename": 0.015264272689819336,
            "2_select": 0.015813350677490234,
            "3_dedupe": 0.013968706130981445,
            "4_rename": 0.013090133666992188,
            "5_filter": 0.0313417911529541,
            "6_text_split": 0.014896869659423828,
            "7_drop": 0.019742250442504883,
            "8_merge": 0.01854109764099121,
            "9_text_embed": 0.06951403617858887,
            "10_drop": 0.01601696014404297,
            "11_filter": 0.03616142272949219
        },
        "create_final_nodes": {
            "overall": 0.29527902603149414,
            "0_layout_graph": 0.018196582794189453,
            "1_unpack_graph": 0.017948627471923828,
            "2_unpack_graph": 0.02496933937072754,
            "3_filter": 0.04653501510620117,
            "4_drop": 0.019534587860107422,
            "5_select": 0.019910097122192383,
            "6_rename": 0.019189834594726562,
            "7_convert": 0.0650339126586914,
            "8_join": 0.028692007064819336,
            "9_rename": 0.020419597625732422
        },
        "create_final_communities": {
            "overall": 0.444307804107666,
            "0_unpack_graph": 0.02225041389465332,
            "1_unpack_graph": 0.02442312240600586,
            "2_aggregate_override": 0.025162696838378906,
            "3_join": 0.0305023193359375,
            "4_join": 0.029796838760375977,
            "5_concat": 0.020049571990966797,
            "6_filter": 0.05490422248840332,
            "7_aggregate_override": 0.031156063079833984,
            "8_join": 0.03189373016357422,
            "9_filter": 0.04966020584106445,
            "10_fill": 0.02486443519592285,
            "11_merge": 0.026439666748046875,
            "12_copy": 0.025996923446655273,
            "13_select": 0.02454662322998047
        },
        "join_text_units_to_entity_ids": {
            "overall": 0.09871768951416016,
            "0_select": 0.022101879119873047,
            "1_unroll": 0.028447628021240234,
            "2_aggregate_override": 0.029291868209838867
        },
        "create_final_relationships": {
            "overall": 0.3921928405761719,
            "0_unpack_graph": 0.025150775909423828,
            "1_filter": 0.06184983253479004,
            "2_rename": 0.054228782653808594,
            "3_filter": 0.06548619270324707,
            "4_drop": 0.03618741035461426,
            "5_compute_edge_combined_degree": 0.038988590240478516,
            "6_convert": 0.05780673027038574,
            "7_convert": 0.03178596496582031
        },
        "join_text_units_to_relationship_ids": {
            "overall": 0.15488243103027344,
            "0_select": 0.030738115310668945,
            "1_unroll": 0.034430742263793945,
            "2_aggregate_override": 0.03357052803039551,
            "3_select": 0.03162074089050293
        },
        "create_final_community_reports": {
            "overall": 0.2889711856842041,
            "0_prepare_community_reports_nodes": 0.030769824981689453,
            "1_prepare_community_reports_edges": 0.03346896171569824,
            "2_restore_community_hierarchy": 0.03606891632080078,
            "3_prepare_community_reports": 0.05409669876098633,
            "4_create_community_reports": 0.07145118713378906,
            "5_window": 0.038065433502197266
        },
        "create_final_text_units": {
            "overall": 0.24623513221740723,
            "0_select": 0.03141355514526367,
            "1_rename": 0.03516030311584473,
            "2_join": 0.04022097587585449,
            "3_join": 0.042229413986206055,
            "4_aggregate_override": 0.0357823371887207,
            "5_select": 0.03514289855957031
        },
        "create_base_documents": {
            "overall": 0.4505741596221924,
            "0_unroll": 0.036771535873413086,
            "1_select": 0.03600430488586426,
            "2_rename": 0.0375819206237793,
            "3_join": 0.04092812538146973,
            "4_aggregate_override": 0.0382685661315918,
            "5_join": 0.04398179054260254,
            "6_rename": 0.036591529846191406,
            "7_convert": 0.152693510055542
        },
        "create_final_documents": {
            "overall": 0.06676173210144043,
            "0_rename": 0.03650069236755371
        }
    }
}