{
    "total_runtime": 10.282482147216797,
    "num_documents": 1,
    "input_load_time": 0,
    "workflows": {
        "create_base_text_units": {
            "overall": 0.26396775245666504,
            "0_orderby": 0.0023336410522460938,
            "1_zip": 0.0028502941131591797,
            "2_aggregate_override": 0.004921674728393555,
            "3_chunk": 0.20253348350524902,
            "4_select": 0.004599332809448242,
            "5_unroll": 0.00556635856628418,
            "6_rename": 0.004220008850097656,
            "7_genid": 0.007726192474365234,
            "8_unzip": 0.005908966064453125,
            "9_copy": 0.004889488220214844,
            "10_filter": 0.01626110076904297
        },
        "create_base_extracted_entities": {
            "overall": 0.31003570556640625,
            "0_entity_extract": 0.2459118366241455,
            "1_merge_graphs": 0.05142545700073242,
            "2_snapshot_rows": 0.007015228271484375
        },
        "create_summarized_entities": {
            "overall": 5.365656852722168,
            "0_summarize_descriptions": 5.350839853286743,
            "1_snapshot_rows": 0.008725643157958984
        },
        "create_base_entity_graph": {
            "overall": 0.17813324928283691,
            "0_cluster_graph": 0.1377568244934082,
            "1_snapshot_rows": 0.01202082633972168,
            "2_snapshot_rows": 0.011291265487670898,
            "3_select": 0.010090827941894531
        },
        "create_final_entities": {
            "overall": 0.7918305397033691,
            "0_unpack_graph": 0.06079888343811035,
            "1_rename": 0.00986790657043457,
            "2_select": 0.009781360626220703,
            "3_dedupe": 0.010543107986450195,
            "4_rename": 0.009976625442504883,
            "5_filter": 0.02599787712097168,
            "6_text_split": 0.015802860260009766,
            "7_drop": 0.012572526931762695,
            "8_merge": 0.05981802940368652,
            "9_text_embed": 0.5271565914154053,
            "10_drop": 0.012761354446411133,
            "11_filter": 0.028389453887939453
        },
        "create_final_nodes": {
            "overall": 0.6378529071807861,
            "0_layout_graph": 0.18234491348266602,
            "1_unpack_graph": 0.06601905822753906,
            "2_unpack_graph": 0.18335676193237305,
            "3_drop": 0.013457298278808594,
            "4_filter": 0.05902910232543945,
            "5_select": 0.016280412673950195,
            "6_rename": 0.014908552169799805,
            "7_convert": 0.051239013671875,
            "8_join": 0.0226895809173584,
            "9_rename": 0.01694011688232422
        },
        "create_final_communities": {
            "overall": 0.5728366374969482,
            "0_unpack_graph": 0.06377506256103516,
            "1_unpack_graph": 0.05941581726074219,
            "2_aggregate_override": 0.0177764892578125,
            "3_join": 0.025351285934448242,
            "4_join": 0.024799108505249023,
            "5_concat": 0.017377614974975586,
            "6_filter": 0.15884733200073242,
            "7_aggregate_override": 0.023722410202026367,
            "8_join": 0.022657155990600586,
            "9_filter": 0.05638480186462402,
            "10_fill": 0.021792173385620117,
            "11_merge": 0.026661396026611328,
            "12_copy": 0.01971721649169922,
            "13_select": 0.018940210342407227
        },
        "join_text_units_to_entity_ids": {
            "overall": 0.09005117416381836,
            "0_select": 0.01981186866760254,
            "1_unroll": 0.022204875946044922,
            "2_aggregate_override": 0.029864072799682617
        },
        "create_final_relationships": {
            "overall": 0.3420727252960205,
            "0_unpack_graph": 0.06778359413146973,
            "1_filter": 0.05388593673706055,
            "2_rename": 0.021371841430664062,
            "3_filter": 0.05799674987792969,
            "4_drop": 0.021958351135253906,
            "5_compute_edge_combined_degree": 0.02850818634033203,
            "6_convert": 0.047414541244506836,
            "7_convert": 0.023643970489501953
        },
        "join_text_units_to_relationship_ids": {
            "overall": 0.13271617889404297,
            "0_select": 0.02440786361694336,
            "1_unroll": 0.028154611587524414,
            "2_aggregate_override": 0.03067779541015625,
            "3_select": 0.024533987045288086
        }
    }
}