{
    "total_runtime": 2.7363791465759277,
    "num_documents": 15,
    "input_load_time": 0,
    "workflows": {
        "create_base_text_units": {
            "overall": 0.5348093509674072,
            "0_orderby": 0.004124164581298828,
            "1_zip": 0.004405498504638672,
            "2_aggregate_override": 0.006452798843383789,
            "3_chunk": 0.42177820205688477,
            "4_select": 0.0047948360443115234,
            "5_unroll": 0.006537437438964844,
            "6_rename": 0.007248640060424805,
            "7_genid": 0.022646188735961914,
            "8_unzip": 0.01242375373840332,
            "9_copy": 0.008011341094970703,
            "10_filter": 0.03291153907775879
        },
        "create_base_extracted_entities": {
            "overall": 1.8441390991210938,
            "0_entity_extract": 1.4516808986663818,
            "1_merge_graphs": 0.37227392196655273,
            "2_snapshot_rows": 0.01253819465637207
        }
    }
}