{
    "total_runtime": 2.1738216876983643,
    "num_documents": 1,
    "input_load_time": 0,
    "workflows": {
        "create_base_text_units": {
            "overall": 2.0625879764556885,
            "0_orderby": 0.005686521530151367,
            "1_zip": 0.0036177635192871094,
            "2_aggregate_override": 0.009030818939208984,
            "3_chunk": 1.9845242500305176,
            "4_select": 0.004726886749267578,
            "5_unroll": 0.009440898895263672,
            "6_rename": 0.005555152893066406,
            "7_genid": 0.007859945297241211,
            "8_unzip": 0.005904197692871094,
            "9_copy": 0.005323886871337891,
            "10_filter": 0.018715381622314453
        }
    }
}