{
    "total_runtime": 108.96761178970337,
    "num_documents": 1,
    "input_load_time": 0,
    "workflows": {
        "create_base_text_units": {
            "overall": 0.2676506042480469,
            "0_orderby": 0.002605915069580078,
            "1_zip": 0.00405120849609375,
            "2_aggregate_override": 0.009453296661376953,
            "3_chunk": 0.19136738777160645,
            "4_select": 0.0037033557891845703,
            "5_unroll": 0.007479429244995117,
            "6_rename": 0.007965803146362305,
            "7_genid": 0.005646228790283203,
            "8_unzip": 0.008300065994262695,
            "9_copy": 0.006575345993041992,
            "10_filter": 0.018364906311035156
        },
        "create_base_extracted_entities": {
            "overall": 0.07905912399291992,
            "0_entity_extract": 0.06422209739685059,
            "1_merge_graphs": 0.009438276290893555
        },
        "create_summarized_entities": {
            "overall": 0.023912429809570312,
            "0_summarize_descriptions": 0.01576399803161621
        },
        "create_base_entity_graph": {
            "overall": 0.03408026695251465,
            "0_cluster_graph": 0.0157320499420166,
            "1_select": 0.011203765869140625
        },
        "create_final_entities": {
            "overall": 0.5069973468780518,
            "0_unpack_graph": 0.012591361999511719,
            "1_rename": 0.01050567626953125,
            "2_select": 0.016406774520874023,
            "3_dedupe": 0.013350963592529297,
            "4_rename": 0.012652397155761719,
            "5_filter": 0.030056238174438477,
            "6_text_split": 0.013869762420654297,
            "7_drop": 0.013952970504760742,
            "8_merge": 0.016657352447509766,
            "9_text_embed": 0.3067820072174072,
            "10_drop": 0.0140228271484375,
            "11_filter": 0.03472781181335449
        },
        "create_final_nodes": {
            "overall": 0.2732079029083252,
            "0_layout_graph": 0.018594741821289062,
            "1_unpack_graph": 0.016887426376342773,
            "2_unpack_graph": 0.016890764236450195,
            "3_filter": 0.03463268280029297,
            "4_drop": 0.01731085777282715,
            "5_select": 0.017093896865844727,
            "6_rename": 0.017376422882080078,
            "7_join": 0.034811973571777344,
            "8_convert": 0.06589865684509277,
            "9_rename": 0.01994609832763672
        },
        "create_final_communities": {
            "overall": 0.4089038372039795,
            "0_unpack_graph": 0.0245206356048584,
            "1_unpack_graph": 0.019819974899291992,
            "2_aggregate_override": 0.02751946449279785,
            "3_join": 0.02860116958618164,
            "4_join": 0.024705886840820312,
            "5_concat": 0.023446321487426758,
            "6_filter": 0.04670572280883789,
            "7_aggregate_override": 0.025820255279541016,
            "8_join": 0.027408838272094727,
            "9_filter": 0.05064058303833008,
            "10_fill": 0.02330923080444336,
            "11_merge": 0.02374124526977539,
            "12_copy": 0.02400040626525879,
            "13_select": 0.02245807647705078
        },
        "join_text_units_to_entity_ids": {
            "overall": 0.09469103813171387,
            "0_select": 0.022791147232055664,
            "1_unroll": 0.025673866271972656,
            "2_aggregate_override": 0.027534008026123047
        },
        "create_final_relationships": {
            "overall": 0.34136533737182617,
            "0_unpack_graph": 0.025263547897338867,
            "1_filter": 0.05311417579650879,
            "2_rename": 0.028637170791625977,
            "3_filter": 0.05608034133911133,
            "4_drop": 0.028700828552246094,
            "5_compute_edge_combined_degree": 0.03397679328918457,
            "6_convert": 0.05882430076599121,
            "7_convert": 0.03246259689331055
        },
        "join_text_units_to_relationship_ids": {
            "overall": 0.14401912689208984,
            "0_select": 0.026184797286987305,
            "1_unroll": 0.0366365909576416,
            "2_aggregate_override": 0.03082418441772461,
            "3_select": 0.029649019241333008
        },
        "create_final_community_reports": {
            "overall": 103.61330842971802,
            "0_prepare_community_reports_nodes": 0.02980804443359375,
            "1_prepare_community_reports_edges": 0.03214716911315918,
            "2_restore_community_hierarchy": 0.03287935256958008,
            "3_prepare_community_reports": 0.16775178909301758,
            "4_create_community_reports": 103.29909014701843,
            "5_window": 0.028543949127197266
        },
        "create_final_text_units": {
            "overall": 0.2522001266479492,
            "0_select": 0.030414819717407227,
            "1_rename": 0.02834916114807129,
            "2_join": 0.03640413284301758,
            "3_join": 0.03632092475891113,
            "4_aggregate_override": 0.06127572059631348,
            "5_select": 0.03445553779602051
        },
        "create_base_documents": {
            "overall": 0.38242411613464355,
            "0_unroll": 0.03413891792297363,
            "1_select": 0.03234577178955078,
            "2_rename": 0.03454279899597168,
            "3_join": 0.03825807571411133,
            "4_aggregate_override": 0.0472412109375,
            "5_join": 0.06702518463134766,
            "6_rename": 0.03377962112426758,
            "7_convert": 0.06871485710144043
        },
        "create_final_documents": {
            "overall": 0.0662679672241211,
            "0_rename": 0.03538346290588379
        }
    }
}