{
    "total_runtime": 0.9429347515106201,
    "num_documents": 1,
    "input_load_time": 0,
    "workflows": {
        "create_base_text_units": {
            "overall": 0.2914245128631592,
            "0_orderby": 0.0027849674224853516,
            "1_zip": 0.0031745433807373047,
            "2_aggregate_override": 0.0063343048095703125,
            "3_chunk": 0.19419336318969727,
            "4_select": 0.0036699771881103516,
            "5_unroll": 0.028966665267944336,
            "6_rename": 0.0049724578857421875,
            "7_genid": 0.007806539535522461,
            "8_unzip": 0.007135868072509766,
            "9_copy": 0.007378339767456055,
            "10_filter": 0.02283954620361328
        },
        "create_base_extracted_entities": {
            "overall": 0.07559013366699219,
            "0_entity_extract": 0.05818581581115723,
            "1_merge_graphs": 0.011250495910644531
        },
        "create_summarized_entities": {
            "overall": 0.019526958465576172,
            "0_summarize_descriptions": 0.010112762451171875
        },
        "create_base_entity_graph": {
            "overall": 0.0294339656829834,
            "0_cluster_graph": 0.015286922454833984,
            "1_select": 0.0077304840087890625
        }
    }
}