{
    "total_runtime": 4.198647975921631,
    "num_documents": 1,
    "input_load_time": 0,
    "workflows": {
        "create_base_text_units": {
            "overall": 0.27521586418151855,
            "0_orderby": 0.002389669418334961,
            "1_zip": 0.003091096878051758,
            "2_aggregate_override": 0.005808353424072266,
            "3_chunk": 0.21057486534118652,
            "4_select": 0.00478672981262207,
            "5_unroll": 0.004918575286865234,
            "6_rename": 0.004297971725463867,
            "7_genid": 0.008895158767700195,
            "8_unzip": 0.0068171024322509766,
            "9_copy": 0.005625009536743164,
            "10_filter": 0.015926122665405273
        },
        "create_base_extracted_entities": {
            "overall": 3.5182454586029053,
            "0_entity_extract": 3.484590530395508,
            "1_merge_graphs": 0.02833867073059082
        },
        "create_summarized_entities": {
            "overall": 0.012836694717407227,
            "0_summarize_descriptions": 0.00709080696105957
        }
    }
}