{
    "total_runtime": 3150.395823955536,
    "num_documents": 15,
    "input_load_time": 0,
    "workflows": {
        "create_base_text_units": {
            "overall": 0.3654463291168213,
            "0_orderby": 0.0028188228607177734,
            "1_zip": 0.003198862075805664,
            "2_aggregate_override": 0.008410453796386719,
            "3_chunk": 0.2880079746246338,
            "4_select": 0.0036864280700683594,
            "5_unroll": 0.006369590759277344,
            "6_rename": 0.004512786865234375,
            "7_genid": 0.014289140701293945,
            "8_unzip": 0.005794525146484375,
            "9_copy": 0.0046541690826416016,
            "10_filter": 0.0214540958404541
        },
        "create_base_extracted_entities": {
            "overall": 3149.7381699085236,
            "0_entity_extract": 3149.453822851181,
            "1_merge_graphs": 0.2700614929199219,
            "2_snapshot_rows": 0.008744001388549805
        }
    }
}