{
    "total_runtime": 0.41628336906433105,
    "num_documents": 1,
    "input_load_time": 0,
    "workflows": {
        "create_base_text_units": {
            "overall": 0.2933619022369385,
            "0_orderby": 0.002763986587524414,
            "1_zip": 0.003827810287475586,
            "2_aggregate_override": 0.006056547164916992,
            "3_chunk": 0.2182455062866211,
            "4_select": 0.0046918392181396484,
            "5_unroll": 0.005990743637084961,
            "6_rename": 0.007091522216796875,
            "7_genid": 0.008912324905395508,
            "8_unzip": 0.008503437042236328,
            "9_copy": 0.006024599075317383,
            "10_filter": 0.01899552345275879
        }
    }
}