{
    "total_runtime": 9946.1481153965,
    "num_documents": 15,
    "input_load_time": 0,
    "workflows": {
        "create_base_text_units": {
            "overall": 0.3921818733215332,
            "0_orderby": 0.005789279937744141,
            "1_zip": 0.0043125152587890625,
            "2_aggregate_override": 0.009892463684082031,
            "3_chunk": 0.30461764335632324,
            "4_select": 0.005249977111816406,
            "5_unroll": 0.007354259490966797,
            "6_rename": 0.005177497863769531,
            "7_genid": 0.015091419219970703,
            "8_unzip": 0.006722927093505859,
            "9_copy": 0.004868745803833008,
            "10_filter": 0.019556760787963867
        },
        "create_base_extracted_entities": {
            "overall": 1.2998454570770264,
            "0_entity_extract": 1.0227572917938232,
            "1_merge_graphs": 0.2540607452392578,
            "2_snapshot_rows": 0.017128705978393555
        },
        "create_summarized_entities": {
            "overall": 1.2731819152832031,
            "0_summarize_descriptions": 1.2533762454986572,
            "1_snapshot_rows": 0.013578653335571289
        },
        "create_base_entity_graph": {
            "overall": 1.2678191661834717,
            "0_cluster_graph": 1.2034602165222168,
            "1_snapshot_rows": 0.017905235290527344,
            "2_snapshot_rows": 0.02390599250793457,
            "3_select": 0.015528678894042969
        },
        "create_final_entities": {
            "overall": 2.9260342121124268,
            "0_unpack_graph": 0.4376051425933838,
            "1_rename": 0.009636640548706055,
            "2_select": 0.011545896530151367,
            "3_dedupe": 0.011722087860107422,
            "4_rename": 0.011878013610839844,
            "5_filter": 0.043201446533203125,
            "6_text_split": 0.04865097999572754,
            "7_drop": 0.014780998229980469,
            "8_merge": 0.36261844635009766,
            "9_text_embed": 1.909620761871338,
            "10_drop": 0.01181340217590332,
            "11_filter": 0.044344186782836914
        },
        "create_final_nodes": {
            "overall": 3.3447728157043457,
            "0_layout_graph": 1.7292916774749756,
            "1_unpack_graph": 0.6188144683837891,
            "2_unpack_graph": 0.716672420501709,
            "3_drop": 0.013826847076416016,
            "4_filter": 0.09925961494445801,
            "5_select": 0.013252019882202148,
            "6_rename": 0.014969348907470703,
            "7_convert": 0.07524776458740234,
            "8_join": 0.03334760665893555,
            "9_rename": 0.01867532730102539
        },
        "create_final_communities": {
            "overall": 2.797266721725464,
            "0_unpack_graph": 0.4561896324157715,
            "1_unpack_graph": 0.5768222808837891,
            "2_aggregate_override": 0.05123615264892578,
            "3_join": 0.07288360595703125,
            "4_join": 0.05471944808959961,
            "5_concat": 0.021907806396484375,
            "6_filter": 1.2561073303222656,
            "7_aggregate_override": 0.07500052452087402,
            "8_join": 0.023244380950927734,
            "9_filter": 0.0507204532623291,
            "10_fill": 0.022318363189697266,
            "11_merge": 0.07572603225708008,
            "12_copy": 0.024022579193115234,
            "13_select": 0.019817113876342773
        },
        "join_text_units_to_entity_ids": {
            "overall": 0.1129457950592041,
            "0_select": 0.021773576736450195,
            "1_unroll": 0.025182723999023438,
            "2_aggregate_override": 0.04372525215148926
        },
        "create_final_relationships": {
            "overall": 0.9851839542388916,
            "0_unpack_graph": 0.5340795516967773,
            "1_filter": 0.13725733757019043,
            "2_rename": 0.020946741104125977,
            "3_filter": 0.14879798889160156,
            "4_drop": 0.021006345748901367,
            "5_compute_edge_combined_degree": 0.029438495635986328,
            "6_convert": 0.047064781188964844,
            "7_convert": 0.027577877044677734
        },
        "join_text_units_to_relationship_ids": {
            "overall": 0.14117741584777832,
            "0_select": 0.023909330368041992,
            "1_unroll": 0.026480436325073242,
            "2_aggregate_override": 0.045793771743774414,
            "3_select": 0.02394580841064453
        },
        "create_final_community_reports": {
            "overall": 9928.238057136536,
            "0_prepare_community_reports_nodes": 0.09375762939453125,
            "1_prepare_community_reports_edges": 0.045590877532958984,
            "2_restore_community_hierarchy": 0.0507969856262207,
            "3_prepare_community_reports": 1.1831164360046387,
            "4_create_community_reports": 9926.815256595612,
            "5_window": 0.025751829147338867
        },
        "create_final_text_units": {
            "overall": 0.21788263320922852,
            "0_select": 0.025096893310546875,
            "1_rename": 0.025081157684326172,
            "2_join": 0.03030991554260254,
            "3_join": 0.030881166458129883,
            "4_aggregate_override": 0.05623769760131836,
            "5_select": 0.02615976333618164
        },
        "create_base_documents": {
            "overall": 0.3120152950286865,
            "0_unroll": 0.027560710906982422,
            "1_select": 0.026708602905273438,
            "2_rename": 0.027013063430786133,
            "3_join": 0.031237363815307617,
            "4_aggregate_override": 0.029152631759643555,
            "5_join": 0.03170347213745117,
            "6_rename": 0.02785515785217285,
            "7_convert": 0.0849459171295166
        },
        "create_final_documents": {
            "overall": 0.056555986404418945,
            "0_rename": 0.028571367263793945
        }
    }
}