{
    "total_runtime": 5.164871692657471,
    "num_documents": 1,
    "input_load_time": 0,
    "workflows": {
        "create_base_text_units": {
            "overall": 0.2787046432495117,
            "0_orderby": 0.002366304397583008,
            "1_zip": 0.002897977828979492,
            "2_aggregate_override": 0.0051953792572021484,
            "3_chunk": 0.2116985321044922,
            "4_select": 0.005425930023193359,
            "5_unroll": 0.005332231521606445,
            "6_rename": 0.004361152648925781,
            "7_genid": 0.010563850402832031,
            "8_unzip": 0.0053310394287109375,
            "9_copy": 0.005682706832885742,
            "10_filter": 0.017757415771484375
        },
        "create_base_extracted_entities": {
            "overall": 4.485756874084473,
            "0_entity_extract": 4.455831527709961,
            "1_merge_graphs": 0.024596691131591797
        },
        "create_summarized_entities": {
            "overall": 0.012929439544677734,
            "0_summarize_descriptions": 0.00725245475769043
        }
    }
}