{
    "total_runtime": 10.41908073425293,
    "num_documents": 1,
    "input_load_time": 0,
    "workflows": {
        "create_base_text_units": {
            "overall": 0.270953893661499,
            "0_orderby": 0.002404928207397461,
            "1_zip": 0.0034787654876708984,
            "2_aggregate_override": 0.005006074905395508,
            "3_chunk": 0.20869183540344238,
            "4_select": 0.004608869552612305,
            "5_unroll": 0.006529331207275391,
            "6_rename": 0.004247903823852539,
            "7_genid": 0.008097171783447266,
            "8_unzip": 0.005572795867919922,
            "9_copy": 0.004825115203857422,
            "10_filter": 0.015319585800170898
        },
        "create_base_extracted_entities": {
            "overall": 0.31277990341186523,
            "0_entity_extract": 0.2482607364654541,
            "1_merge_graphs": 0.05231738090515137,
            "2_snapshot_rows": 0.006975650787353516
        },
        "create_summarized_entities": {
            "overall": 5.599254131317139,
            "0_summarize_descriptions": 5.582820177078247,
            "1_snapshot_rows": 0.01032257080078125
        },
        "create_base_entity_graph": {
            "overall": 0.1696615219116211,
            "0_cluster_graph": 0.12924432754516602,
            "1_snapshot_rows": 0.011203527450561523,
            "2_snapshot_rows": 0.012761592864990234,
            "3_select": 0.009540319442749023
        },
        "create_final_entities": {
            "overall": 0.7916271686553955,
            "0_unpack_graph": 0.06488728523254395,
            "1_rename": 0.009775400161743164,
            "2_select": 0.010467529296875,
            "3_dedupe": 0.010374307632446289,
            "4_rename": 0.010602951049804688,
            "5_filter": 0.028376102447509766,
            "6_text_split": 0.01486349105834961,
            "7_drop": 0.012250900268554688,
            "8_merge": 0.06258869171142578,
            "9_text_embed": 0.5180380344390869,
            "10_drop": 0.012109994888305664,
            "11_filter": 0.028800487518310547
        },
        "create_final_nodes": {
            "overall": 0.6059303283691406,
            "0_layout_graph": 0.19751262664794922,
            "1_unpack_graph": 0.06027579307556152,
            "2_unpack_graph": 0.1678924560546875,
            "3_drop": 0.013204336166381836,
            "4_filter": 0.03992128372192383,
            "5_select": 0.014169931411743164,
            "6_rename": 0.014199972152709961,
            "7_convert": 0.04497694969177246,
            "8_join": 0.023051023483276367,
            "9_rename": 0.018218517303466797
        },
        "create_final_communities": {
            "overall": 0.565462589263916,
            "0_unpack_graph": 0.058937788009643555,
            "1_unpack_graph": 0.05602860450744629,
            "2_aggregate_override": 0.01755523681640625,
            "3_join": 0.025200605392456055,
            "4_join": 0.025554895401000977,
            "5_concat": 0.018561840057373047,
            "6_filter": 0.17607975006103516,
            "7_aggregate_override": 0.0234220027923584,
            "8_join": 0.024089574813842773,
            "9_filter": 0.04170370101928711,
            "10_fill": 0.01831364631652832,
            "11_merge": 0.0277254581451416,
            "12_copy": 0.01867389678955078,
            "13_select": 0.019098997116088867
        },
        "join_text_units_to_entity_ids": {
            "overall": 0.08646392822265625,
            "0_select": 0.01996755599975586,
            "1_unroll": 0.02107548713684082,
            "2_aggregate_override": 0.02748894691467285
        },
        "create_final_relationships": {
            "overall": 0.3323211669921875,
            "0_unpack_graph": 0.06588172912597656,
            "1_filter": 0.05327630043029785,
            "2_rename": 0.021450042724609375,
            "3_filter": 0.05606532096862793,
            "4_drop": 0.022708415985107422,
            "5_compute_edge_combined_degree": 0.026730060577392578,
            "6_convert": 0.04431343078613281,
            "7_convert": 0.022427797317504883
        },
        "join_text_units_to_relationship_ids": {
            "overall": 0.1238100528717041,
            "0_select": 0.022884845733642578,
            "1_unroll": 0.025357484817504883,
            "2_aggregate_override": 0.02960348129272461,
            "3_select": 0.025008201599121094
        }
    }
}