{
    "total_runtime": 5.289643049240112,
    "num_documents": 15,
    "input_load_time": 0,
    "workflows": {
        "create_base_text_units": {
            "overall": 0.3555433750152588,
            "0_orderby": 0.0026335716247558594,
            "1_zip": 0.003145933151245117,
            "2_aggregate_override": 0.006646633148193359,
            "3_chunk": 0.2745788097381592,
            "4_select": 0.0037949085235595703,
            "5_unroll": 0.005075216293334961,
            "6_rename": 0.006061077117919922,
            "7_genid": 0.017948627471923828,
            "8_unzip": 0.006369352340698242,
            "9_copy": 0.006444692611694336,
            "10_filter": 0.020659685134887695
        },
        "create_base_extracted_entities": {
            "overall": 1.4768292903900146,
            "0_entity_extract": 1.1406636238098145,
            "1_merge_graphs": 0.3204483985900879,
            "2_snapshot_rows": 0.010040760040283203
        },
        "create_summarized_entities": {
            "overall": 1.567129135131836,
            "0_summarize_descriptions": 1.5155539512634277,
            "1_snapshot_rows": 0.04532623291015625
        },
        "create_base_entity_graph": {
            "overall": 1.273402452468872,
            "0_cluster_graph": 1.2116453647613525,
            "1_snapshot_rows": 0.023628950119018555,
            "2_snapshot_rows": 0.019404888153076172,
            "3_select": 0.011044502258300781
        }
    }
}