{
    "total_runtime": 9035.896248102188,
    "num_documents": 15,
    "input_load_time": 0,
    "workflows": {
        "create_base_text_units": {
            "overall": 0.3956000804901123,
            "0_orderby": 0.002475261688232422,
            "1_zip": 0.0028586387634277344,
            "2_aggregate_override": 0.005358219146728516,
            "3_chunk": 0.29772496223449707,
            "4_select": 0.0314176082611084,
            "5_unroll": 0.00611424446105957,
            "6_rename": 0.004683017730712891,
            "7_genid": 0.014185667037963867,
            "8_unzip": 0.005264997482299805,
            "9_copy": 0.004666805267333984,
            "10_filter": 0.01876211166381836
        },
        "create_base_extracted_entities": {
            "overall": 1.1724164485931396,
            "0_entity_extract": 0.8992259502410889,
            "1_merge_graphs": 0.2579996585845947,
            "2_snapshot_rows": 0.008343935012817383
        },
        "create_summarized_entities": {
            "overall": 1.1839993000030518,
            "0_summarize_descriptions": 1.1656765937805176,
            "1_snapshot_rows": 0.012163877487182617
        },
        "create_base_entity_graph": {
            "overall": 1.2034506797790527,
            "0_cluster_graph": 1.1519274711608887,
            "1_snapshot_rows": 0.01959705352783203,
            "2_snapshot_rows": 0.016630887985229492,
            "3_select": 0.008572816848754883
        },
        "create_final_entities": {
            "overall": 1.7406525611877441,
            "0_unpack_graph": 0.43003010749816895,
            "1_rename": 0.009082555770874023,
            "2_select": 0.00973367691040039,
            "3_dedupe": 0.010181427001953125,
            "4_rename": 0.009889364242553711,
            "5_filter": 0.039688825607299805,
            "6_text_split": 0.0286557674407959,
            "7_drop": 0.01131749153137207,
            "8_merge": 0.29960036277770996,
            "9_text_embed": 0.830134391784668,
            "10_drop": 0.011529684066772461,
            "11_filter": 0.04283952713012695
        },
        "create_final_nodes": {
            "overall": 3.3318443298339844,
            "0_layout_graph": 1.729973554611206,
            "1_unpack_graph": 0.575810432434082,
            "2_unpack_graph": 0.7197978496551514,
            "3_drop": 0.013014078140258789,
            "4_filter": 0.11516070365905762,
            "5_select": 0.013334989547729492,
            "6_rename": 0.013908147811889648,
            "7_convert": 0.09709596633911133,
            "8_join": 0.026098012924194336,
            "9_rename": 0.016499757766723633
        },
        "create_final_communities": {
            "overall": 2.690504312515259,
            "0_unpack_graph": 0.46593189239501953,
            "1_unpack_graph": 0.54683518409729,
            "2_aggregate_override": 0.046006202697753906,
            "3_join": 0.05618023872375488,
            "4_join": 0.05208230018615723,
            "5_concat": 0.021731853485107422,
            "6_filter": 1.243640661239624,
            "7_aggregate_override": 0.052817583084106445,
            "8_join": 0.022110462188720703,
            "9_filter": 0.04567122459411621,
            "10_fill": 0.0177304744720459,
            "11_merge": 0.06667447090148926,
            "12_copy": 0.01803421974182129,
            "13_select": 0.018435955047607422
        },
        "join_text_units_to_entity_ids": {
            "overall": 0.10082507133483887,
            "0_select": 0.01872396469116211,
            "1_unroll": 0.022930622100830078,
            "2_aggregate_override": 0.041550397872924805
        },
        "create_final_relationships": {
            "overall": 0.9131324291229248,
            "0_unpack_graph": 0.4830012321472168,
            "1_filter": 0.12954950332641602,
            "2_rename": 0.02065753936767578,
            "3_filter": 0.14498519897460938,
            "4_drop": 0.02132868766784668,
            "5_compute_edge_combined_degree": 0.027443647384643555,
            "6_convert": 0.04411673545837402,
            "7_convert": 0.023112058639526367
        },
        "join_text_units_to_relationship_ids": {
            "overall": 0.13316559791564941,
            "0_select": 0.022130489349365234,
            "1_unroll": 0.025221586227416992,
            "2_aggregate_override": 0.041208505630493164,
            "3_select": 0.02338552474975586
        },
        "create_final_community_reports": {
            "overall": 9019.737088441849,
            "0_prepare_community_reports_nodes": 0.08552694320678711,
            "1_prepare_community_reports_edges": 0.04513263702392578,
            "2_restore_community_hierarchy": 0.0504155158996582,
            "3_prepare_community_reports": 1.1051714420318604,
            "4_create_community_reports": 9018.398260354996,
            "5_window": 0.02820134162902832
        },
        "create_final_text_units": {
            "overall": 0.2560558319091797,
            "0_select": 0.027327299118041992,
            "1_rename": 0.026084423065185547,
            "2_join": 0.03263139724731445,
            "3_join": 0.06086587905883789,
            "4_aggregate_override": 0.05779457092285156,
            "5_select": 0.026960372924804688
        },
        "create_base_documents": {
            "overall": 0.3259603977203369,
            "0_unroll": 0.02923297882080078,
            "1_select": 0.027909278869628906,
            "2_rename": 0.0281829833984375,
            "3_join": 0.033507585525512695,
            "4_aggregate_override": 0.030884504318237305,
            "5_join": 0.03394913673400879,
            "6_rename": 0.02852797508239746,
            "7_convert": 0.08766865730285645
        },
        "create_final_documents": {
            "overall": 0.05749225616455078,
            "0_rename": 0.02962493896484375
        }
    }
}