{
    "total_runtime": 6.722497940063477,
    "num_documents": 15,
    "input_load_time": 0,
    "workflows": {
        "create_base_text_units": {
            "overall": 1.9269495010375977,
            "0_orderby": 0.006258249282836914,
            "1_zip": 0.004875898361206055,
            "2_aggregate_override": 0.009918689727783203,
            "3_chunk": 1.8024964332580566,
            "4_select": 0.03207993507385254,
            "5_unroll": 0.01235818862915039,
            "6_rename": 0.004904508590698242,
            "7_genid": 0.01668858528137207,
            "8_unzip": 0.005852937698364258,
            "9_copy": 0.007574558258056641,
            "10_filter": 0.02179431915283203
        },
        "create_base_extracted_entities": {
            "overall": 1.314143419265747,
            "0_entity_extract": 1.0472803115844727,
            "1_merge_graphs": 0.25217342376708984,
            "2_snapshot_rows": 0.009528160095214844
        },
        "create_summarized_entities": {
            "overall": 1.5442986488342285,
            "0_summarize_descriptions": 1.526925802230835,
            "1_snapshot_rows": 0.011246681213378906
        },
        "create_base_entity_graph": {
            "overall": 1.3322017192840576,
            "0_cluster_graph": 1.2721741199493408,
            "1_snapshot_rows": 0.021659135818481445,
            "2_snapshot_rows": 0.020409345626831055,
            "3_select": 0.011157989501953125
        }
    }
}