{
    "total_runtime": 6.638980388641357,
    "num_documents": 15,
    "input_load_time": 0,
    "workflows": {
        "create_base_text_units": {
            "overall": 0.4812767505645752,
            "0_orderby": 0.0030045509338378906,
            "1_zip": 0.004253387451171875,
            "2_aggregate_override": 0.007463932037353516,
            "3_chunk": 0.3716390132904053,
            "4_select": 0.006348848342895508,
            "5_unroll": 0.011347293853759766,
            "6_rename": 0.007781028747558594,
            "7_genid": 0.02224564552307129,
            "8_unzip": 0.0075225830078125,
            "9_copy": 0.010009050369262695,
            "10_filter": 0.02712225914001465
        },
        "create_base_extracted_entities": {
            "overall": 1.845381736755371,
            "0_entity_extract": 1.4496405124664307,
            "1_merge_graphs": 0.375809907913208,
            "2_snapshot_rows": 0.0120849609375
        },
        "create_summarized_entities": {
            "overall": 1.9775500297546387,
            "0_summarize_descriptions": 1.9522695541381836,
            "1_snapshot_rows": 0.01655292510986328
        },
        "create_base_entity_graph": {
            "overall": 1.578643798828125,
            "0_cluster_graph": 1.503054141998291,
            "1_snapshot_rows": 0.02779674530029297,
            "2_snapshot_rows": 0.024189233779907227,
            "3_select": 0.012509346008300781
        }
    }
}