{
    "total_runtime": 4.038366317749023,
    "num_documents": 1,
    "input_load_time": 0,
    "workflows": {
        "create_base_text_units": {
            "overall": 0.27336621284484863,
            "0_orderby": 0.0024056434631347656,
            "1_zip": 0.0028493404388427734,
            "2_aggregate_override": 0.004991054534912109,
            "3_chunk": 0.20993423461914062,
            "4_select": 0.004215240478515625,
            "5_unroll": 0.0062236785888671875,
            "6_rename": 0.004324197769165039,
            "7_genid": 0.009533882141113281,
            "8_unzip": 0.006001472473144531,
            "9_copy": 0.004695415496826172,
            "10_filter": 0.016094446182250977
        },
        "create_base_extracted_entities": {
            "overall": 3.360961437225342,
            "0_entity_extract": 3.3309202194213867,
            "1_merge_graphs": 0.024756669998168945
        },
        "create_summarized_entities": {
            "overall": 0.014690637588500977,
            "0_summarize_descriptions": 0.008418083190917969
        }
    }
}