{
    "total_runtime": 6.7720787525177,
    "num_documents": 15,
    "input_load_time": 0,
    "workflows": {
        "create_base_text_units": {
            "overall": 1.9413046836853027,
            "0_orderby": 0.0061109066009521484,
            "1_zip": 0.0041925907135009766,
            "2_aggregate_override": 0.009104728698730469,
            "3_chunk": 1.8080577850341797,
            "4_select": 0.032433271408081055,
            "5_unroll": 0.009325504302978516,
            "6_rename": 0.005911350250244141,
            "7_genid": 0.026368141174316406,
            "8_unzip": 0.00608372688293457,
            "9_copy": 0.0066869258880615234,
            "10_filter": 0.024843454360961914
        },
        "create_base_extracted_entities": {
            "overall": 1.3334779739379883,
            "0_entity_extract": 1.054081678390503,
            "1_merge_graphs": 0.2648019790649414,
            "2_snapshot_rows": 0.009396076202392578
        },
        "create_summarized_entities": {
            "overall": 1.5780401229858398,
            "0_summarize_descriptions": 1.5591473579406738,
            "1_snapshot_rows": 0.01271200180053711
        },
        "create_base_entity_graph": {
            "overall": 1.321702480316162,
            "0_cluster_graph": 1.26198148727417,
            "1_snapshot_rows": 0.0207364559173584,
            "2_snapshot_rows": 0.020413637161254883,
            "3_select": 0.011633872985839844
        }
    }
}