{
    "total_runtime": 5.9058215618133545,
    "num_documents": 1,
    "input_load_time": 0,
    "workflows": {
        "create_base_text_units": {
            "overall": 0.3169541358947754,
            "0_orderby": 0.0031812191009521484,
            "1_zip": 0.004835367202758789,
            "2_aggregate_override": 0.006341218948364258,
            "3_chunk": 0.23651742935180664,
            "4_select": 0.0064373016357421875,
            "5_unroll": 0.007101535797119141,
            "6_rename": 0.006942033767700195,
            "7_genid": 0.007468223571777344,
            "8_unzip": 0.007009744644165039,
            "9_copy": 0.008213281631469727,
            "10_filter": 0.020270347595214844
        },
        "create_base_extracted_entities": {
            "overall": 0.11906886100769043,
            "0_entity_extract": 0.08102679252624512,
            "1_merge_graphs": 0.01482844352722168,
            "2_snapshot_rows": 0.010990381240844727
        },
        "create_summarized_entities": {
            "overall": 0.029419898986816406,
            "0_summarize_descriptions": 0.0127105712890625,
            "1_snapshot_rows": 0.009625673294067383
        },
        "create_base_entity_graph": {
            "overall": 0.07220292091369629,
            "0_cluster_graph": 0.019614219665527344,
            "1_snapshot_rows": 0.013546466827392578,
            "2_snapshot_rows": 0.014582157135009766,
            "3_select": 0.01206660270690918
        },
        "create_final_entities": {
            "overall": 0.2988245487213135,
            "0_unpack_graph": 0.014064311981201172,
            "1_rename": 0.014630556106567383,
            "2_select": 0.016902685165405273,
            "3_dedupe": 0.016951322555541992,
            "4_rename": 0.017898082733154297,
            "5_filter": 0.03379535675048828,
            "6_text_split": 0.018622159957885742,
            "7_drop": 0.01581263542175293,
            "8_merge": 0.02248692512512207,
            "9_text_embed": 0.06768941879272461,
            "10_drop": 0.014618158340454102,
            "11_filter": 0.0363922119140625
        },
        "create_final_nodes": {
            "overall": 0.27608823776245117,
            "0_layout_graph": 0.020488262176513672,
            "1_unpack_graph": 0.018221139907836914,
            "2_unpack_graph": 0.02212691307067871,
            "3_drop": 0.01786208152770996,
            "4_filter": 0.03800153732299805,
            "5_select": 0.01925969123840332,
            "6_rename": 0.019947290420532227,
            "7_join": 0.025292634963989258,
            "8_convert": 0.05971050262451172,
            "9_rename": 0.02012467384338379
        },
        "create_final_communities": {
            "overall": 0.4180171489715576,
            "0_unpack_graph": 0.019156932830810547,
            "1_unpack_graph": 0.02138376235961914,
            "2_aggregate_override": 0.027046680450439453,
            "3_join": 0.02853703498840332,
            "4_join": 0.027461528778076172,
            "5_concat": 0.02218008041381836,
            "6_filter": 0.05362105369567871,
            "7_aggregate_override": 0.027370214462280273,
            "8_join": 0.030391454696655273,
            "9_filter": 0.04828786849975586,
            "10_fill": 0.023865222930908203,
            "11_merge": 0.0255124568939209,
            "12_copy": 0.024631738662719727,
            "13_select": 0.02316117286682129
        },
        "join_text_units_to_entity_ids": {
            "overall": 0.10370635986328125,
            "0_select": 0.021966934204101562,
            "1_unroll": 0.030422449111938477,
            "2_aggregate_override": 0.032080888748168945
        },
        "create_final_relationships": {
            "overall": 0.36971354484558105,
            "0_unpack_graph": 0.026233434677124023,
            "1_filter": 0.06430697441101074,
            "2_rename": 0.031059741973876953,
            "3_filter": 0.06556248664855957,
            "4_drop": 0.02792048454284668,
            "5_compute_edge_combined_degree": 0.03127646446228027,
            "6_convert": 0.05997180938720703,
            "7_convert": 0.02974534034729004
        },
        "join_text_units_to_relationship_ids": {
            "overall": 0.1576220989227295,
            "0_select": 0.030363082885742188,
            "1_unroll": 0.03790760040283203,
            "2_aggregate_override": 0.0338289737701416,
            "3_select": 0.03221917152404785
        },
        "create_final_community_reports": {
            "overall": 0.29137659072875977,
            "0_prepare_community_reports_nodes": 0.03154945373535156,
            "1_prepare_community_reports_edges": 0.04210638999938965,
            "2_restore_community_hierarchy": 0.06629180908203125,
            "3_prepare_community_reports": 0.05630612373352051,
            "4_create_community_reports": 0.03737235069274902,
            "5_window": 0.03248405456542969
        },
        "create_final_text_units": {
            "overall": 0.2539217472076416,
            "0_select": 0.035448551177978516,
            "1_rename": 0.03276205062866211,
            "2_join": 0.04324674606323242,
            "3_join": 0.0409698486328125,
            "4_aggregate_override": 0.0375971794128418,
            "5_select": 0.03648543357849121
        },
        "create_base_documents": {
            "overall": 0.4631781578063965,
            "0_unroll": 0.03618192672729492,
            "1_select": 0.03701615333557129,
            "2_rename": 0.039746999740600586,
            "3_join": 0.06883788108825684,
            "4_aggregate_override": 0.09377264976501465,
            "5_join": 0.043480634689331055,
            "6_rename": 0.03888058662414551,
            "7_convert": 0.07598590850830078
        },
        "create_final_documents": {
            "overall": 0.07212162017822266,
            "0_rename": 0.0401766300201416
        }
    }
}