{
    "total_runtime": 6.81853985786438,
    "num_documents": 1,
    "input_load_time": 0,
    "workflows": {
        "create_base_text_units": {
            "overall": 0.28199148178100586,
            "0_orderby": 0.0027379989624023438,
            "1_zip": 0.003014802932739258,
            "2_aggregate_override": 0.005156993865966797,
            "3_chunk": 0.21576714515686035,
            "4_select": 0.005368709564208984,
            "5_unroll": 0.006273984909057617,
            "6_rename": 0.0059888362884521484,
            "7_genid": 0.0068781375885009766,
            "8_unzip": 0.006216764450073242,
            "9_copy": 0.0062105655670166016,
            "10_filter": 0.01622152328491211
        },
        "create_base_extracted_entities": {
            "overall": 0.3146512508392334,
            "0_entity_extract": 0.25209498405456543,
            "1_merge_graphs": 0.05006885528564453,
            "2_snapshot_rows": 0.007310152053833008
        },
        "create_summarized_entities": {
            "overall": 5.525671482086182,
            "0_summarize_descriptions": 5.511558771133423,
            "1_snapshot_rows": 0.007803678512573242
        },
        "create_base_entity_graph": {
            "overall": 0.16901445388793945,
            "0_cluster_graph": 0.13045048713684082,
            "1_snapshot_rows": 0.011291742324829102,
            "2_snapshot_rows": 0.011350393295288086,
            "3_select": 0.008919715881347656
        }
    }
}