{
    "total_runtime": 9.6653470993042,
    "num_documents": 15,
    "input_load_time": 0,
    "workflows": {
        "create_base_text_units": {
            "overall": 0.3508932590484619,
            "0_orderby": 0.002656698226928711,
            "1_zip": 0.003298044204711914,
            "2_aggregate_override": 0.007274627685546875,
            "3_chunk": 0.2684464454650879,
            "4_select": 0.003851652145385742,
            "5_unroll": 0.004909515380859375,
            "6_rename": 0.0053060054779052734,
            "7_genid": 0.01910400390625,
            "8_unzip": 0.005608081817626953,
            "9_copy": 0.006636619567871094,
            "10_filter": 0.021739959716796875
        },
        "create_base_extracted_entities": {
            "overall": 1.4937987327575684,
            "0_entity_extract": 1.188349962234497,
            "1_merge_graphs": 0.28511953353881836,
            "2_snapshot_rows": 0.009156465530395508
        },
        "create_summarized_entities": {
            "overall": 5.992676734924316,
            "0_summarize_descriptions": 5.971839189529419,
            "1_snapshot_rows": 0.01479649543762207
        },
        "create_base_entity_graph": {
            "overall": 1.246701717376709,
            "0_cluster_graph": 1.1882355213165283,
            "1_snapshot_rows": 0.02046060562133789,
            "2_snapshot_rows": 0.02003788948059082,
            "3_select": 0.011100530624389648
        }
    }
}