{
    "total_runtime": 748.5119340419769,
    "num_documents": 1,
    "input_load_time": 0,
    "workflows": {
        "create_base_text_units": {
            "overall": 0.28343939781188965,
            "0_orderby": 0.0025625228881835938,
            "1_zip": 0.003123044967651367,
            "2_aggregate_override": 0.005196332931518555,
            "3_chunk": 0.21593713760375977,
            "4_select": 0.00517725944519043,
            "5_unroll": 0.004939556121826172,
            "6_rename": 0.005193948745727539,
            "7_genid": 0.009068727493286133,
            "8_unzip": 0.0060732364654541016,
            "9_copy": 0.006004810333251953,
            "10_filter": 0.017923831939697266
        },
        "create_base_extracted_entities": {
            "overall": 0.3345015048980713,
            "0_entity_extract": 0.2675211429595947,
            "1_merge_graphs": 0.05219554901123047,
            "2_snapshot_rows": 0.008375406265258789
        },
        "create_summarized_entities": {
            "overall": 6.2484588623046875,
            "0_summarize_descriptions": 6.23151969909668,
            "1_snapshot_rows": 0.009809732437133789
        },
        "create_base_entity_graph": {
            "overall": 0.20543241500854492,
            "0_cluster_graph": 0.15873432159423828,
            "1_snapshot_rows": 0.013806819915771484,
            "2_snapshot_rows": 0.01460576057434082,
            "3_select": 0.010308265686035156
        },
        "create_final_entities": {
            "overall": 737.7102813720703,
            "0_unpack_graph": 0.05879855155944824,
            "1_rename": 0.009473562240600586,
            "2_select": 0.009849786758422852,
            "3_dedupe": 0.010536909103393555,
            "4_rename": 0.009998559951782227,
            "5_filter": 0.025213956832885742,
            "6_text_split": 0.014933586120605469,
            "7_drop": 0.013068437576293945,
            "8_merge": 0.06567955017089844,
            "9_text_embed": 737.4393763542175,
            "10_drop": 0.012429237365722656,
            "11_filter": 0.03229975700378418
        },
        "create_final_nodes": {
            "overall": 0.698350191116333,
            "0_layout_graph": 0.2238914966583252,
            "1_unpack_graph": 0.06511855125427246,
            "2_unpack_graph": 0.18691492080688477,
            "3_filter": 0.04340171813964844,
            "4_drop": 0.015644550323486328,
            "5_select": 0.015039920806884766,
            "6_rename": 0.01548314094543457,
            "7_join": 0.05325126647949219,
            "8_convert": 0.05195212364196777,
            "9_rename": 0.015510082244873047
        },
        "create_final_communities": {
            "overall": 0.6582674980163574,
            "0_unpack_graph": 0.06081557273864746,
            "1_unpack_graph": 0.05975174903869629,
            "2_aggregate_override": 0.052924156188964844,
            "3_join": 0.0470430850982666,
            "4_join": 0.02644515037536621,
            "5_concat": 0.021404743194580078,
            "6_filter": 0.19202613830566406,
            "7_aggregate_override": 0.02540445327758789,
            "8_join": 0.02545022964477539,
            "9_filter": 0.04168295860290527,
            "10_fill": 0.018997669219970703,
            "11_merge": 0.030669450759887695,
            "12_copy": 0.020156145095825195,
            "13_select": 0.020289182662963867
        },
        "join_text_units_to_entity_ids": {
            "overall": 0.08976888656616211,
            "0_select": 0.0198061466217041,
            "1_unroll": 0.02259373664855957,
            "2_aggregate_override": 0.02857518196105957
        },
        "create_final_relationships": {
            "overall": 0.3622424602508545,
            "0_unpack_graph": 0.0650942325592041,
            "1_filter": 0.05638837814331055,
            "2_rename": 0.026129961013793945,
            "3_filter": 0.06359481811523438,
            "4_drop": 0.023987770080566406,
            "5_compute_edge_combined_degree": 0.028206586837768555,
            "6_convert": 0.05048727989196777,
            "7_convert": 0.028403043746948242
        },
        "join_text_units_to_relationship_ids": {
            "overall": 0.13155555725097656,
            "0_select": 0.02408289909362793,
            "1_unroll": 0.024318933486938477,
            "2_aggregate_override": 0.03493046760559082,
            "3_select": 0.02628016471862793
        }
    }
}